"","Quarter","n","year","total_precip","mean_temp","mean_max_temp","mean_min_temp"
"1",1,90,2018,190.8,-1.89333333333333,2.41111111111111,-6.19444444444444
"2",2,89,2018,329.7,13.5325842696629,18.5224719101124,8.51123595505618
"3",3,92,2018,261.5,22.5260869565217,27.3967391304348,17.6195652173913
"4",4,92,2018,252.7,4.29782608695652,7.63586956521739,0.934782608695652
"5",5,90,2019,212.8,-3.32222222222222,1.12222222222222,-7.74444444444444
"6",6,91,2019,313.8,12.178021978022,17.1648351648352,7.15384615384615
"7",7,92,2019,162.6,21.1717391304348,26.6630434782609,15.6358695652174
"8",8,92,2019,280.5,3.95108695652174,8,-0.114130434782609
